image,target
hkftgcijkghprpxyuknyfimzjlzpde.jpg,0.8048897
lazlpqdyqxvdtgtfuwkcplrmtcoeoq.jpg,0.9967458
usdqhnysmqfjitrxqnfxkureaphlsa.jpg,0.2752449
vwqrhobzdutxipuwgssuzjbhxumbod.jpg,0.72567314
zdfiplzlfcwkyfucjdtkskjxjdeavq.jpg,0.12156853
inilzqtajpxhdbqrrrmvnhrzmevhkv.jpg,0.89654404
glnkqsehtsemwxgfcabdouxnguoope.jpg,0.32556796
csrqrzoyceubuehyicuwjisnsvyfuk.jpg,0.91139495
sfbqiftqsrtklymfhjzytesgkrhhux (1).jpg,0.5311507
jvcaprbropasegknsisprgwgitcrpi.jpg,0.98987937
zpfhbgixcctxylnihhrepjgcmjksvf.jpg,0.09275651
fnefuqqsicuqfsymibosjdjwawrmvq.jpg,0.871122
seukgcqtzivrfrmwkiptgtqqlrujvx (2).jpg,0.95772636
nncgaofbnlhkcvnvhajmgrxpomzzba.jpg,0.23487201
nfxhlppokdjomdwvjweudtpurlmwnx.jpg,0.94724596
zjcrlegcioljqhlaowlaklxwojfpil.jpg,0.98979604
pektafvzybcgssvemzxjypfzsriqxx.jpg,0.8986536
mtkmqoxjnmplockjwdilejfsrxcbvy.jpg,0.081680745
tmthqtrdrzwgadmsftvwpwlssemeic.jpg,0.07989183
eqycjhiuvqojearvldxihxvmrajwtc.jpg,0.13356707
uoqujcamsyjwlwoztrnvutbgrhdtkx.jpg,0.10509756
kigglxwgyxssmujauixjszahnjctrd.jpg,0.0017669797
qaifzcezpnxsemsninrdanxnrecgxc.jpg,0.9542825
xaufwjptvdpofxbuefzpcbjdgurmov.jpg,0.96516323
pdsjckkmbslkzreqwygyjkeyehtuwy.jpg,0.11264813
ssidykbqfofxaqtorcftxaxtusuyvc.jpg,0.9800509
urdgcrihebtothfemyxubtwpinualu.jpg,0.94057167
xklxzfuxkxgykpuhuzzaldbdjhcydx.jpg,0.066224754
ogclzsfhvbloezgkivpedxaldtahzl.jpg,0.9842632
sdfklgwygtjlxmwtbggmobikmuuzaw (1).jpg,0.5873973
tqpfjhcqdnetwghsusmzymjepbdnds.jpg,0.013239861
lhrglduisvdlcgjiofvkkhvdcuaenj.jpg,0.18084687
iwrrnosiwxykcwfnzdnephwjeynjvr.jpg,0.97603583
nzhtmzjahmnlycpchimibdygcdkcnz.jpg,0.966056
mzvlhczvlelzrkrgyelzjcjtcssgpq.jpg,0.99906826
tkudaszaqtrzmyypabwhwanaqqdgsn.jpg,0.9433965
uvxtmvpwvucdhkyfjuqzrnxxgecptf.jpg,0.8422619
kjdbifjcnzclwxadgtmgafbcylljhm.jpg,0.10493797
lnulwsjdqnzkuyyaffwimadgavuwan.jpg,0.07639989
xbuuveyzfnrozevdlhayiqncadyiof.jpg,0.9533332
wcjujbvemumhadmwcgkgwahqmrhoif.jpg,0.012884706
klkerkiflmmwcuzjqqkvhbrazosuzb.jpg,0.84048057
gzmiyxrvuprhvkmnckztiadtirmwrj.jpg,0.37890553
wpiddqgustjsgnzcdoykwhecjmfsbo.jpg,0.99824435
kugkqjdlyxywogtbietnbvcmpjllwx.jpg,0.13880953
xqhpwicnsoejqslgrlwvntqhqdrjjt.jpg,0.15131938
kvyzgviirzidxoawqeshlagmfmaqha.jpg,0.31368512
woulzzpagnqwxegofpdnsxbytvjdki.jpg,0.14346611
dyintomnapqkperdaokbxbsyrgiadi.jpg,0.9648098
ifhrlfbitalzvqnfwqnuudutpbfpdq.jpg,0.15762466
mhkqlunhxjqrrnpjvwfklbzvwtrhch.jpg,0.0424484
fvlynglrxqdpvnhnaojggecbomqvbr.jpg,0.100034565
iuzfasnekvmbbmtqetpnmrxcyopfie.jpg,0.0009394288
raoltfuznhttwcfpscjepcqakdkmey.jpg,0.9857775
vvbpnstpnzspemzfccnfftwnsyfosx.jpg,0.12438244
yncgdbcfbdpippiqjexosicvuxetik.jpg,0.9444194
lqfnxaohuxlvexjgebyyoyvcpvfzte.jpg,0.07105157
sewpbsyvoslfvuefcbhbaamxdaknht (1).jpg,0.6522027
fxrmuuyabdjwnsveyuijcliwmywezh.jpg,0.928986
ueexuzrrjzajyeojqfmglknvpzgzad.jpg,0.34090006
piswtqhtpepgcmilxfeiegdqpofqig.jpg,0.99878156
xpivtvyweotwypnjfaenuhouijtwrj.jpg,0.0015527606
pdcxycqzkznkqntnqsmobdhagkfazw.jpg,0.054107994
lmrbtgixyoyrpexyiydyqjsexswuxr.jpg,0.9644691
bvrbztwngoiduyhlrnxnybuqamwdjq.jpg,0.87382674
cytfwnqddgfmwopldwoyzfgvdshchj.jpg,0.0005457401
zjlngjlzjwonpqhiiztranntupvtom.jpg,0.4105081
gadijdxgeinztdiaolvtceypzbvlam.jpg,0.0041861236
uuapkpltdjmnmxgttzdtgoewvtdmkf.jpg,0.13026801
bynakhmyescxfghpzliqaaewgtlhas.jpg,0.8961055
cjbutauggylhztvnyutbozyfqaealv.jpg,0.17643812
gqyjkyvhkkgfldgfvrkwvogjnganlj.jpg,0.59179
dhcyrecupnqhsmwidgcgghdvkmlsfi.jpg,0.08522153
qwztxkkzraedpivehqtrdcfdcrrsse.png,0.54279643
nhbvrxtecdhhvyyzdjumuhxwfgsnqf.jpg,0.15693003
ytxadvbbcvbohxmbtvnyepjzdskwli.jpg,0.005269319
hdmcngrvtgikfstjgrgqfotraeffgg.jpg,0.09540799
dobrsakjzqfkkwbuvhfpxgjynstyjd.jpg,0.58152205
ycdmtgjjzxhgzblmjrujqpemeqksch.jpeg,0.99502015
aadawlxbmapqrblgxyzarhjasgiobu.png,0.47138256
eoeatxoppisxmubbwmpnabjbezizgx.jpg,0.95276904
kujdzaccxtihhcwwvsnuublztrnzie.jpg,0.083122075
osirultbdzsgmknbqrucggtqnfoljs.jpg,0.97561395
rqxlpeljjhhifqnlrywertwvzywynb.jpg,0.63567626
lckpbjorlzqrhcccowfsaltairdvtd.png,0.89434624
lkzjcblzskcxgdzssgiasoddrrtouf.jpg,0.050249547
sdjvggdwhfxqtxjgkcxxdquukvvsxa (2).jpg,0.018892169
xkdueyinwrnlyioamfbqqymynyyjow.jpg,0.14967397
sdjvggdwhfxqtxjgkcxxdquukvvsxa (1).jpg,0.018892169
csaamuupuegbgkdvhihaucddwkvgcg.jpg,0.010962248
gdkceqpjaozdsbfuaapadetsdgsoyz.jpg,0.9811144
sdnwpkzowelajiqebyrqmygeooeqmm (2).jpg,0.14766961
lucoklnkqcjyrxyvbgnarqspgcwrku.jpg,0.19654831
mzwwwdleaormcvlqonydhzypbhqehq.jpg,0.96600354
bcqfficwazmpxairlfnchvusputshk.jpg,0.9552336
fhhipzleexntfxjqfztvtikwqlylfz.jpg,0.10105705
hdftlvovpcycpipsqjnfxbzuvmlnlm.jpg,0.8999287
igulitrigxyyzhhiduazzrwydlqrcv.jpg,0.14097401
volxwqaiygijoxnemgujucdvaxcmla.jpg,0.8128954
bctvvfysokpohqxzngbuuaugtgtkov.jpg,0.11530256
vluqtgdfiywtuveucboijzbanifapn.jpg,0.9381812
aelzzshpfxerelefnkatpczktuxjln.jpg,0.13033777
ejwoiledjlwunsjpnuquukzkjhalov.jpg,0.06334272
wpsmdmlakitjsnypxeecpajkecrgqw.jpg,0.054414123
gtydqhzuwwcebasjexbrajitsqhnfh.jpg,0.0008493662
nzpfwndzpzskokcaqmsxlqjgdyrmhe.jpg,0.61336803
noesixortoazgbkeukqoveyibvaxrc.jpg,0.9863034
nlmpasjsptsygvnkicmsroqwepliof.jpg,0.75524145
hirjzqktwfoauvblgqocpnrhksqdih.jpg,0.97287714
zojvaryviuzftjfkmeazlzekvpdxri.jpg,0.46018445
sdnwpkzowelajiqebyrqmygeooeqmm (1).jpg,0.14766961
fuldxhllmyyhygdvrczspchtlwifqm.jpg,0.33023328
snylansyoagwhxkcenskjanfkgpigr.jpg,0.9119096
txjtghyvfckkbeihbmqcamrwmhfwfr.jpg,0.9895911
xurcoxcuznkvnyjhrqrtjfnrqqtlby.jpg,0.08354369
nkexoipjsbhmytzjsnvxpkqhdtqidv.jpg,0.9201874
ayqcgikqwwnikkwdufxnxhfixdpelp.jpg,0.87793076
mlkbwnogazpkcxpcdaluzexzhvbsbr.jpg,0.012245983
syjhwwdrvsqvhmkdfyfmggthjmkvzd.jpg,0.06216666
pcoalfrhngfbattlzqaljgpzrmdiby.jpg,0.6324212
yoljgngorsosxyvpmflodycbrzlojm.jpg,0.12749326
tnptubiwafwpnymkaaudzcjibkzfgp.jpg,0.066017956
qubxzzlnsdvcesxfodgkfhnckwewmm.jpg,0.8956742
alcveyvosnywyjbmngolmnblftdoje.jpg,0.08084455
gqbziiohphcmauvpfwlcpyxqqapghh.jpg,0.40826353
orzwzwgaccsbeglnbxsitvpxcivdcm.jpg,0.8374027
olvntotfzczjpihgsmsrdshaphevzh.jpg,0.9896078
oxtgwjovwkjybnyejaezfzqerhvpqj.jpg,0.8950782
eofsqiwaevaeqkxjdayeeyzhliteho.jpg,0.16442558
ccliaukfdmqskirlsqaemkdtziyhos.jpg,0.059524328
lpozqsannlntslamuxvcfpbjttiihl.jpg,0.017216414
wpujnxoeirxcyjiiezydfkaxksrdwg.jpg,0.8781023
uyoqejdoxyisbuqsbwjwaecqutvtwg.jpg,0.96609235
ujdigrxiqfjtzrjgfwpvtjsxtviztq.jpg,0.055710316
ioafahyushqhdpfinjvuormfkchmjf.jpg,0.08825454
dlaaovaxfeqezvculovoovlyakhlgd.jpg,0.012616813
xxirvsjxpsdmicscgrmpcczbnrtoek.jpg,0.028644115
itsfoylidpuiehheyisjrssydwpkjs.jpg,0.096077174
uapjecavqzibecgdvrlwiabgymtvdt.jpg,0.8201723
fvitugrhbmzimhnlanfwqhnmtovgob.jpg,0.9467187
qjkcqczswvymlnybfyqxppcwciayzz.jpg,0.2304492
smudegzshenddkbjyxihvwjdrensex.jpeg,0.26194215
dfbqqsvocxgkdljrvnnztyvaexmxgp.jpg,0.9790927
xjngjjhzpyhxmstueplojbqreasnes.jpg,0.97677755
sfpwptgynidjmylpqeukgkhzqcitgm.jpg,0.97894394
qcjrbqnfsvdmyjwegjlhzzzwzfdbgz.jpg,0.9902005
zesbxhcglwjpplcmsfntcpummkbhfz.jpg,0.72601366
mtqtvazpnlsfwlreocalqffwosonni.jpg,0.55761373
rrrncyqvyxkyshtdtxrtzcmltgpugh.jpg,0.9845377
tqtohrbvnjhvqqpkcpqxihkomlzddz.jpg,0.07323083
eyavyurhmycfumwdjnvvxenleadrcl.jpg,0.11758092
nrxwgfqqltfxrotfkykgknzommtzdd.jpg,0.9972621
ktfusajinfwbuflriajdptixqssvun.jpg,0.84541047
vzygdcxwtgrkwsimilpsbttbchwjey.jpg,0.9287636
vdntoytydbayclzrqpfguwpzhplhvj.jpg,0.7641259
hepwugnfdvxafszdjsdmscpcvejipp.jpg,0.12906027
tnvtseaxgaeuxslabsyczpucoervej.jpg,0.77015746
pomnzkamhxjwtrgalmkbcevrqlijft.jpg,0.0101418495
wleebloflbfqkneclgoekidfidccim.jpg,0.05641231
wbctqgrcgqwhbywsikdklrtbmrplim.jpg,0.9077527
wcnsyehazqxgakcdbtyehtkwoiwppj.jpg,0.7600178
qskzbotijtjaphichunoesuwbybguk.png,0.9717152
fnkfsdjmdihrmynpqxmnrwzxessrdc.jpg,0.95110226
pbndybjpdykkiinslkpnepifijnsvd.jpg,0.9833266
lzvnzvftxmsgfnxqriwbranxlyjumy.jpg,0.008892924
hqxkkaletsjpqenfgprderxwvvdtwx.jpg,0.07369572
sdfklgwygtjlxmwtbggmobikmuuzaw.jpg,0.5873973
myruvkfrzwvlkxajpvfhdulbdsqucc.jpg,0.045170605
wooltgxaythwvbtdoruodwvmvbrpfg.jpg,0.010816395
yjncarmoymzspzoiuivzecdjjxnitj.jpg,0.9841937
jwdjkvvfvggphwhqatmbkjjlzdienf.jpg,0.08624345
iwgumsxpuxzcolrrnfwkqidfknzjic.jpg,0.09681833
saxrcfliklfijsofesenfhbpipucza.jpg,0.06444526
kfkptevnxrhoofzewofglxzxgvkdcg.jpg,0.89414024
ixnarcfjcjzduyghjrmbpsezuhxdeb.png,0.9109908
thxqsrejgecdethcqecanudtfofcrh.jpg,0.92271805
tewzkpvegeenvrdteiupwxlvyjyffy.jpg,0.04423061
rtnaqoagadatjgbczdaehqawjeuxiq.jpg,0.9910762
xemgrytlfzpwpxlpoyklejnqclztru.jpg,0.98777366
uemcyhtssgjcecjovuzrmvkxqwmldt.jpg,0.13346535
qvnxjxzghixyyysszioajgjiexgwzh.jpg,0.98927915
pydsgdgzcvormzgjxmsqxgizigmnqq.jpg,0.13450488
plvzvjasjncvrchqwqdwhuzotiofek.png,0.98156863
blgzlxqgcpxulfwfywadwbbeptqcol.jpg,0.92465717
lihqabxpdhfuuctwreixqcwwmjdvkg.jpg,0.2911837
jdiamrvlvhyxhouxlkjrdcfoqbtzlf.jpg,0.99143857
xxpzhbftdvltokjuzrdiuksfeynqlu.jpg,0.9817966
ejmhvjdcgulaxvqqwyuwabbwqjievn.jpg,0.8684584
dxkxrtwzulytuhegnxjznhxxsqdvjt.jpg,0.84698236
qsxfaihdktxryqxchmdrhweaubkomf.jpg,0.7355099
zynasgxnxnzqaallnvkthegctommtu.jpg,0.5301741
plcaliiefkehjeqojgsaiztfbluwbx.jpg,0.8838161
plhsciipiahwdvplstefomscgwxnje.jpg,0.8752428
rwrhwxbhdpdvlaxkattftklqiorcpo.jpg,0.9329474
vlpwwjhopipwypxltcstohkkjgudbv.jpg,0.14978066
uemcqcfhactlnpdguyeqawxiarukdn.jpg,0.96938145
zgigmyufwdfgxuspzppusdfstysjfs.jpg,0.020109683
gkxlqxmuohjzxzweewniylzaxuqiit.jpg,0.23513475
wwgnzvefvkhqgcvgzvucdwslmhqdfl.jpg,0.046821624
jsrbntbtdheogzmdzhatavcmmarvgl.jpg,0.86454785
nujqgvjxtkvnopkfyzciaziyjndntp.jpg,0.9575665
iczzwmswptqjkzgbczxmgewfkfbfbn.jpg,0.05800569
twuombcbchukiltgyoxxovvpqidulj.jpg,0.20892161
nxigjkucblcrgqfmwcwritnrmcjsgz.jpg,0.1721513
gbfvanqxwaqvwzxuqegqaompgvsamm.jpg,0.15982684
leibivudzejijilbzmjwyqcgnolcbb.jpg,0.87228936
jqueszoqlgzwqzksmzanznuieydnyy.jpg,0.9793173
yqhsjijloqxbrfjzbqnasiqfqyvgjq.jpg,0.23664549
iqpspkpytnrfnnxpbdgulrpmdssxvv.jpg,0.014968425
utjaezxnmbadaiqjqgkmdmfdzqozqr.jpg,0.1047287
versewmzeguanbftslpjlyrupgqobt.jpg,0.031137347
tzwrmkyyhlxjrbedtztknvlrgdmnfq.jpg,0.9551471
wgkzydvcyrnzspiukwtrbmwptujyoo.jpg,0.86474156
bjlwcuatbrxhdxocieancqgdlgqnma.jpg,0.14313245
ufhysrqbbzlrqymeekhvxkoqeyxbyo.jpg,0.25202283
cdxocpqismtjtcoiqncmocnyhqipeq.jpg,0.039382666
sbjiktnxorfqchvhvtresgziklndbw.jpg,0.89449906
smoiczjaouyiefhoizeyarkxzwutbe.png,0.94104874
wflunumlnfgrpwisuymmudqnjobspo.jpg,0.973504
wiovvusmzmxindaealykgesxwwleql.jpg,0.9532988
zuignwckjykxefmpubjpjefvhghaoi.jpg,0.35652602
jjqgfnkunxqxwlrjxgakwcukfoavym.jpg,0.95545334
gppgpyeceknjakxhnvcgivtzqkexdt.jpg,0.87121177
ggqkntfyrhgeizstqrxlhhpwvjykbl.jpg,0.96262133
griokgoxjwgbtlffxnqnoefynizroa.jpg,0.037854582
suvnfydgvqcgdaxlsazlxgubymvfhj.jpg,0.6449057
fvmrktruwpyzblmwwnubraikddamol.jpg,0.046542406
xykoojgoemrcfmvdobwvlurbpoikpq.jpg,0.076435864
pfruckaftscryoyslnzsaqjlrntcdh.jpg,0.438146
jhhjxctcsxlujwhoprnevvfprddnjs.jpg,0.15007699
kmxjicdqvpfpvrhqukkpumdscvgnob.jpg,0.16469258
sseuokumxzgersmrlhofzkzgrkozkq.png,0.58809775
bkhjxlxizjiychukanlstfpcodlubc.jpg,0.013075978
lwhltrzhopzxcxkmjnepvkfkuocyyf.jpg,0.99167436
seukgcqtzivrfrmwkiptgtqqlrujvx (1).jpg,0.95772636
dthpinelztapoyhclbpyyxijcqcsyv.jpg,0.9743538
imkumwldsvcwkjbhwglebnqtgjuaqy.jpg,0.99064624
unkvelhemzsndcplwwcplvzhztcllz.jpg,0.6474607
ftcupseqywfpqtfftqilalhmaanpcv.jpg,0.00905025
khvoycguuitlcpjxdflbkdgyzaoexh.jpg,0.06576395
zkpcokomrmpbncplmxcklnvgaabmoq.jpg,0.9716816
bfjrheksmajsxlorqmwtpwjonzkyiv.jpg,0.9807728
tosutnsfkotuhlqcxkyartdjribecy.jpg,0.3929782
frpsiqoutwcdsluictnefqjbnhaojr.jpg,0.58381844
iluwkwmnrgiouhirnkfdmhnczfxivc.jpg,0.00514099
mrytehdxapzyymznjhvbvkhutalisi.jpg,0.88136506
qddqjbxtpsdrvjjdkzkycjbbrgpekf.jpg,0.55658334
jnzcxqykfzbkbbgyscanfvxeqyruzh.jpg,0.060941637
jxtfudtgjrjafphvpcpyzvbjzkedlt.jpg,0.9920925
jbmhymhbpiobylwbugudyfpnkmisbc.jpg,0.9752257
qipkjvcthoccixqxbsdcqgjtzmqvcq.jpg,0.95773804
iurkzngzsfejzqwpvcogoamriplacq.jpg,0.7836847
dnzsxkpbmmtytvrlklmnbprbcwysix.jpg,0.013284296
kebxzepgnybcvtvjqohjaclvvsqjgo.jpg,0.7986745
zodcoeblnsvtuoftjlpquidfhnbtwc.jpg,0.06579298
smwljmgvodmaektpwpvsjbgbemexkz.jpg,0.75042385
itxiomwebnkfodztausaduxyrhgfrv.jpg,0.99991727
xnyhtjljydambkxbueqmgixbainqrw.jpg,0.95771503
jgwawiynmntnlhhwckjlqtijvnkjff.jpg,0.96034884
eowgxpfwjhfpfvoytzlejmtyxegcfx.jpg,0.29997367
xynfggwypiqaesxayyvjlqfmhsvnlo.jpg,0.15662932
svegbhuohnflowxkhjvkrifgmxextf.jpg,0.2817437
trvmaugxfpnagutconbyismxjoizzi.jpg,0.92214954
qwylrrncmfibtlszybqsofemgweggl.jpg,0.84787905
mragkclknhcnqosdkuvchpjdrjofso.jpg,0.9568027
umgwufightqsnhtjyfochvdnrcsccb.jpg,0.96850467
pneabcoxhrbfqowczgsexzharlezae.jpg,0.08826637
nbpkndryqyojnydlzlnfibqdhnsjzo.jpg,0.8269566
jiuvimokosuqcqgxsjrpepfrxnudvl.jpg,0.33579978
krnwchletlzkiqqzgvdfhwgcweukol.jpg,0.15879667
owffonqaueruqlyakqnwwekvjaougd.jpg,0.15977675
nlhevzkzseaudpnhbawmmufkxnqyni.jpg,0.9352851
eqhyxymtcmsvgesckcrjowyebhnohw.jpg,0.044086218
dshtrcyfhcxdnmqcpqaachrxbmraqm.png,0.38387975
bbolakporoaeojpqandvajgrojnkaj.jpg,0.61742556
jgvemmdihzkjgodvehrlpacstjwnbv.jpg,0.0057504475
rfbvqxxqlifrbwhfyopkxalfmvyhfy.jpg,0.90791196
qsgsfxhekupbygbbjmhmgmheylbals.jpg,0.9506162
loyubqchniltkypeilmzrmwjnvjeiq.jpg,0.9467931
xfnuyuiibfvnhcxneinujhzmxyffdn.jpg,0.962574
wdlioyaloeejrcvmjpixqoczoesuns.jpg,0.29362828
amvorhijzrsihdqvyddkamjdyuahqm.jpg,0.04286465
wbbujdiznmyiiqjwpjymtypyswyumo.jpg,0.010563314
cxtbkqwdjxgxlieyzzfokybmrynvzt.jpg,0.95151985
xgfrghdwyumnzdvxsuzlehyruvkita.png,0.63309574
jaypieocqkwftzmbzsgrkttchyhpaa.jpg,0.9783107
ykmaworjsfbglvakdrsbqhupjiqkhn.jpg,0.15145746
uqpvmjbjlwceqgltplhvdxyinayphz.jpg,0.99487495
mdwgptlsdcgkglflwsqseheibugref.jpg,0.05486536
tkekamvpuqgwyxgekdpmbvarytgffk.jpg,0.98902047
hddqpruzeyfpuemmkrvajzewjauqbg.jpg,0.24061126
mzaawjyklcynlmsxhziexrqskewnsl.jpg,0.006827116
phpzhjjsvyqxouxeeaethnilycqdoz.jpg,0.012579411
uzfesehhvhqxuziizqgipuqbvjkarm.jpg,0.44114265
orsoixyrasfxlkqzngwfasbadeydlh.jpg,0.98244375
zuxvwdblfwjpibjexgfglpyreqslhs.jpg,0.067622274
rwlnkupbstmcbxurjkntrubebavmjd.jpg,0.9645426
ktmunasppplitpubmrdjbiqyuaibnd.jpg,0.22724956
lxxlzvrdieuyvfkeshxuisxgormmyq.png,0.77678597
clibkrbidguqcugbkymxqioqwolsvv.jpg,0.9794197
wljliaaphisemiemsxielexjlkirlv.jpg,0.23373762
idnwoyvjflsoiwvbcleokhdfgdwqng.jpg,0.35950267
wrtiyoywiyiawtrnbizxykeqjoesmb.jpg,0.97260106
greuliaymizfmfvngfqmrbzayusphp.jpg,0.12325624
fhggkjdcfrlbgjgdohqetzvtzvzwox.jpg,0.19742289
shtuvrpsdcmoaooaeitmnpuckoaraa.jpg,0.66906536
qiqrvyhllvochhswibdzbsxcuyfcif.jpg,0.28514063
yknhljrexjerzopcvabkfobfaznbce.jpg,0.07496357
jnsjofyggzkakdsxxmptabbiksbuty.jpg,0.86598504
ppgimbjhcwxshiqofuziffffgvnnbt.jpg,0.9904268
aelkivmayxgsdjosiibfgmkvfrjvjk.jpg,0.6887203
ufjcnzoabfdevufathmxztkvmlfgmd.jpg,0.99552464
tbjzvqedthirsztsnsjkfrdgroofmt.jpg,0.121224046
bakmhsflobtjjwilhsiqynhmnrjjnq.jpg,0.16924751
qqakhuzdxoctiscdztnrzrffzgdvux.jpg,0.70498914
mtjmylupexliggdaqvuamtttjbizro.jpg,0.07458627
lctzakuojllwuturyhbsoyexhyrhfb.jpg,0.032563776
gvzjodvhueivloxnomfhmpmcdbzvap.jpeg,0.29504263
mbekjxyxdchvessngkvjexxfyqdrvv.jpg,0.11921647
ethbvskgnyzyuirqytshhzvyzbqjxv.jpg,0.93181074
llecnksnwfhbpbcjzzijseaoxblcbo.jpg,0.7384596
cetwookalphtxhtbwgcpzfjpmasfic.png,0.75709486
wwibybtbnrvydizirztvgsbuulpouw.jpg,0.18956941
idardcfquyazdghrsrbiyujmguzxnr.jpg,0.07253751
autvannlbggmjsuhqbnnffyhrnyyhp.jpg,0.99182856
nrlywwygzrswfdbhjvdtakksrsvjgk.jpg,0.001240313
micftikbkvjlfcuknzwfbjpjdhioxe.jpeg,0.23896399
jdtkbagujtkdseprtglztarncdxzqt.jpg,0.96571946
sslssipaijavmhtvbrixtbgwwnlshu.jpg,0.05746612
hnmbjysdtuiasvlabvnataindypuzu.jpg,0.035346657
opdeeeogjakgkmhchcmfcfggxpcszz.jpg,0.9897751
phbrlkorxtxgllwntzlgujplyffcdm.jpg,0.96871835
botfdlboeryhmfxctjvzbqriqyonuv.jpg,0.9059364
gvykagbusbpbuzcvkftzaatczcevwk.png,0.96480954
scinyegbsxvszgingldfiggswajhji (2).jpg,0.0197061
yegdjxoapgowmbnvlrdryvaecnynya.jpg,0.9317585
nwikmsqexytmdgyumqrfomreztdxxz.jpg,0.8500424
yklgcnlafkcgjozrkuzbebbsggluus.png,0.16737059
fefhbwjojkixcapyhinlmsqvjyhjmk.jpg,0.09465507
utqrcmliuqbblbxeacpcofcsxvhzgz.jpeg,0.40620697
padarkkzjbruayvwslkssxmumkrjsz.jpg,0.9894169
vhwotvbcqepkhmhuhqvbdvahsixptb.jpg,0.103931606
rkpymadccynfoyvmiftgekkfbbbhdi.png,0.970674
jkutvlbzwibdltuythhqtweqazglok.jpg,0.09030071
rbztrgnugpkdoaxagndgdjbijoqele.jpg,0.6944239
kduwskepxdwxdgfzkgnfnformtkgzg.jpg,0.9534569
hsyezwcpciffcupbkadwtcqpxhlofh.jpg,0.1336976
qgseasopsvkydhuvnlfmzqbgjydsys.jpg,0.8202831
aveecvuafgubjfweqsfyomjgyazdxs.jpg,0.97998583
dhxbbarhojjiuoacxyzdtayykriavi.jpg,0.9650184
weubnhdcwsklnxmbaoetvbzfistxwg.jpg,0.8928746
fvvzssylplidrbhtvshkkfflzatqsd.jpg,0.9671128
eusetdoazbgklyqcezwcacrokjcufo.jpg,0.9809586
jhwecyoxnwdqysddxcjogbvlhjxrfm.jpg,0.087506026
rjsayiylvpblfpjzyxwnejcevzncpm.jpg,0.9686699
kwufgmdpyknfvezeytoywortrtkcha.jpg,0.19137844
duythftfcibydcrmobngveppsbczuq.jpg,0.9941979
ezmnotqwlrngiwgnwbaheeoueyxvny.jpg,0.26523098
lyousdaviagybwamxfwdjpjfevopkf.jpeg,0.10769194
dyjtodxzlakemnjmxwcvxezykwmvoo.jpg,0.2220464
wnwkpbivybsvhesdkadymsqmqopfuy.jpg,0.9230995
mryzptvsvgrisoimspvdugeepobqkk.jpg,0.015426546
ylqsaoehrinbdgkmyqobrytabqvqad.jpg,0.01693359
yurmkbqrwlidqgbgeeszgsuzzizhtv.jpg,0.07387471
alfuzzlrjkdrrzauiswqnuvpvzfluc.jpg,0.94942343
haghwzucuaiwbeuerzxnrnflkytyqu.jpg,0.22155541
pmlzympeefriiyldejvguoilrtbczx.jpg,0.99070144
jdmorbhddqxvqofbotgldacezkmyjt.jpg,0.26709187
jqgkxlfpzrktkyilfyuhhdyfsycanf.jpg,0.0072326064
mfkvaqtdkxcsozmtzpeavslszhkbvv.jpg,0.024159014
ewrlffkoseneqgraxwhomtlwxiwekb.jpg,0.14749521
ovyapwxepknnprboziljwxeskjuiim.jpg,0.04396963
ixbtflbbatnitjiveitztqwnjfvidt.jpg,0.5354618
ykngxpgtimmeszcxyntqujxyslvkrz.jpg,0.9878309
cxnmwtwjlhvwljnwzdyucnlrkwmzva.jpg,0.806265
iyyhdzhpafxpjyvrqstdlsvnhqntqw.jpg,0.9724004
pxktxhdsuefrpwxtugwuvttfgmqvyz.jpg,0.42455006
smanxydzpnqbtgyhnkbkqslunnvvyg.jpg,0.051915556
ovasoplwfuqqevywvgggocgxixnktp.jpg,0.34941822
pdpxzumgibtauzdnqjxumygocmkunl.jpg,0.8981725
ddmvffnxrrqoftjquegcfyynvbpioe.jpg,0.28472078
kcnlgwxftlpioadzfmayiitkbnkpfq.jpg,0.8843993
nqhxoimohubxlnbgxulnralrtxyfwo.jpg,0.41699246
lpxbhrpimmbsyeufegmxiuobcblwen.jpg,0.99738866
bophtvssbpnmzkxfxuvupbriwazlcz.jpg,0.0009979606
yyvvnujfgpfcpcgwdyjfthnlycslkk.jpg,0.20028272
nyqzmqlebpyheacmxpeacxszlgxagk.jpg,0.012159139
bzdueelveubapkgmqbhzrerdmvbqtz.jpg,0.043797612
woazdfgnjkbxcskuamebaxedxhpszi.jpg,0.2739203
pixwzsjkuqmcdyobcgumwetegmnyfu.jpg,0.13877606
jcqewjmnixvdytkvwuvgywcblhvotx.jpg,0.59737104
cynaerknbrqzwlssknbvxqoffjfmqa.jpg,0.3759023
naxcngaxukhslcyoodkgkegydlzjnu.jpg,0.97622156
siqobtmqebviudcxtjszqquivmzvil.jpg,0.9519855
vwnowxqsikzzgaupttmtfffkbprphp.jpg,0.07329115
qlbtwvbhuhkdoyzgfkmcfqwqjujjwh.jpg,0.36309662
vivqwqshafxumvxojbcouebhpjitvw.jpg,0.8971181
fmkdsmhmklnzkownqsschpnomjedlx.jpg,0.96913934
nmorsdnxcjanqzfyfjrxbvumnyihft.jpg,0.9126257
ijmzxmoihywxoariplmfexcmexsibs.jpg,0.94327646
zvyajojutzgqumdjfxxkpiuuxeefyy.jpg,0.9217644
pjtremwjwtxaqyzmyuhqrkszorrons.jpg,0.14496797
lsdynvygkfyqehlpwbqammadxmsctv.jpg,0.13812912
nxkricypqzyjopipbggbupjyjlyhtj.jpg,0.5787863
rjidoxfzbxyeffhrkzguqdqksvwtpa.jpg,0.78726333
aljnaycepveqbedxhsklixyjodpcho.jpg,0.06374949
geadhikvjfcvvrtszjsxqnevbdvstr.jpg,0.9757012
bihlsygajgvqsywzkpfbmupevnuoqh.jpg,0.12448791
qstbmncsmqsiwmnzgipyutolniuxjd.jpg,0.53090954
laaqrylcpzmanpcdilwteiuhetchzt.jpg,0.9566926
vlxbaplwagipvtfkcjbzapysqmffld.jpg,0.99108624
djdsobvkfuoagxivxpraiusgzjozds.jpg,0.9978969
tihnjhjilrcolmyupysvxjvqbqhvzr.jpg,0.017022073
dihlagwlolbphxxdxmfbsmaeqqqcgs.jpeg,0.07448512
urfpnxaaxslypipkziqixilgvtitse.jpg,0.065323085
goxowiqsuthbriuqxiespbmeegqkvf.jpg,0.99715257
tlqprwlybfxysvhrnfgnplgbqgsswu.jpg,0.05108884
akvjfjhgayyjwrqrczjbeyoqhhajis.jpg,0.17365831
puffqlvmnlfcwcplpgbrgkuhgkejnl.jpg,0.0973793
bqjjodotjhmmchkiityjpmglknkzdq.jpg,0.8169077
oojheezdsmrbzaxtpeapauytvovivl.jpg,0.105308354
bivegebpyjsmiaylkruufjevjxqydc.jpg,0.982123
dpnnhtmzinfjwzxeihghlsaugrseso.jpg,0.9852325
mawbecdfltccgqymuosaxqmntvllvm.jpg,0.04175967
blmgakpsirdrdnimkjwdnbusgactzx.jpg,0.98597926
rjcsevtxucgtrcxvvsblkrakusacxq.jpg,0.23684633
louklilbbrpqodurfzvvejxglgocwi.jpg,0.88265294
gjppsnmwvegpfaotczwscojavigasa.jpg,0.016372472
bhczfsgehqldydadvfldnunftxzfdv.jpg,0.11129713
snqqviwsotitwwrblhtiabhvphphqw.jpg,0.9210337
dgzjgjduiwcejpltzhhsdrsfrfwbhm.jpg,0.12879539
omdjxmhixkgnqsvczwkplpjivyvdbo.jpg,0.82356334
jelzmmcmozeaeiswvdkwcltfccanwg.jpg,0.97901595
mthrpqxgvwfdlksknvymngogpppnhp.jpg,0.20528
lmdcsyqhjxxvdfzakuhxxmcrwmqkjj.jpg,0.11144474
cemwpmilmtzyyvpoxxflruiyubdzvc.jpg,0.8922266
clcluoyktakfjgcjyjgbbrhaxjkanl.jpg,0.43977982
broomszdrrefxhmthsxwurzfuutkft.jpeg,0.16492665
glpbrbtkrussrnfolvxynzjdfkvbin.jpg,0.9691098
rdwfgwuicmbzlnqhtyhfemjzmpyrjm.jpg,0.9694704
wtcbodbqepiirrtgpzclqipkojxodr.jpg,0.012158722
wcydlpgrwjmptowavcltpotjbgvxhb.jpg,0.18804985
gsphpflowsxvbzmqoehtwimxigmexc.jpg,0.27087986
gexghbuikqpefswrouipqfgvkzdkzv.jpg,0.042636514
elajrsvrogkgcerlrfjvwgzqdzjumg.jpg,0.033316493
dbuvujopjxofqfcsxghgeruyrhqamf.jpg,0.95136595
aclkjfvackiieiznzfcwienplielrj.jpg,0.9293984
akkydnvilgvzigllmboonbqbbioocs.jpg,0.9862248
sipovcjjclpnpgtcypjziplmmnzblp.jpg,0.97724795
ohiszivnnrkglfcpkvgqobmozjgrwa.jpg,0.13047534
bqudlucapxfguiydzopfdvuasiwscs.jpg,0.10278028
sdfklgwygtjlxmwtbggmobikmuuzaw (2).jpg,0.5873973
ziseknqemrbhawedjdyxevolrwumkq.jpg,0.21120581
weipwizxckxeagywuilohlxktcrypk.jpg,0.55646026
sczhdwamqbmpolozkmncxyqtcwcbdd (2).jpg,0.97935444
wzdhiyzvbjlpatadxltwukvizlkpfi.jpg,0.07394794
geszfskhujvpyziumhlqpgptmpajtt.jpg,0.14313492
gmocqhzokvhyrkohiraxixdbmcscjq.jpg,0.008808523
rccyeivmdwnblrlijjuyvzyxslwuhh.jpg,0.1286453
wbfrwkddjwawzxnikfrpffjxtowjhv.jpg,0.007674992
woobvdyoeohahdgjtajoywfsxmtijg.jpg,0.016328722
lzjxvwtdrrtwjceqgmucfpngihgdxm.jpg,5.6378944e-05
geaxljqcgthkjujpgjqtinitobfjqe.jpg,0.9746468
hhirnwzcfyhnrwbfjmhioqyosjouxm.jpg,0.16200015
zkmcdlytdocncvgmigqhklfvjqwrni.jpg,0.54992914
ivhqllncotctfxttkqqvwamkdeokih.jpg,0.6986303
kxcrhxbyxvhqnwqwqoqmaafwikuegm.jpg,0.9802979
sfntoccgyjyiyyuoodraaqrwetenzx (1).png,0.978024
wischoicbrogjyfnhdycphsaneiuwm.jpg,0.12619591
qcwfppwrwajqvcjtzgadczsmjjglpa.jpg,0.19482449
qwqvucqqtmtobwedwslipeohnrkuwr.jpg,0.11336002
abpxvdfyhaaohzcrngcucmhffwizxs.jpg,0.120506376
dveocsyrdwmmokqvzmherympxsnhjg.jpg,0.74925864
wkvfouqvychfqwsmjnhkraowobkxgy.jpg,0.043204844
egmlopponygomfuzzhzoextlxzgkmo.jpg,0.10383138
gdwbhsehebmpgcfbndlibiccryfxid.jpg,0.93816394
yionojckwcmjxtjevsvpmjezycmilb.jpg,0.085782945
szycncebucycdqljwiolfshxndzpcm.jpg,0.0835633
sczhdwamqbmpolozkmncxyqtcwcbdd (1).jpg,0.97935444
jhvehfryklsushrvqiyjrxtybsyxjs.jpg,0.07297453
qasruetvxhqscyidfqsbztqteakyss.jpg,0.99936354
qnpphzfhyjxoutunxsukftvlauzuug.jpg,0.20495036
zneawovpezfvxphxdlzgpjhllyxuss.jpg,0.95847386
fwjhmiqtdoufzyyzkjzxrhzdwkcedo.jpg,0.07383633
lhiwujhlwspbbgqydwewaioirumkri.jpg,0.512104
kajnfbinymxwelbpykfzurocazkajm.jpg,0.04082936
tldspzpkenscsjyokedqawzuqdbjfh.jpg,0.13024876
uxxhcjkukexpxutwqbvdjpgurqmwli.jpg,0.99702716
kkgjefxvtjfypjsjgyhshrutwhgdml.jpg,0.8623351
omgrzbdrlptmmwpudagcrctzvznrap.png,0.9469476
gftflwiwqrswxrpccfpkhdftoajcws.jpg,0.00075370073
powtvfvfexvzhhubxcczdvqmuwgtil.jpg,0.9178364
ajnjnkvstqesvfohaptobyasrkmcnq.jpg,0.016822755
xkoqrazzrpistsmscyvjarmiuwljsd.jpg,0.99121517
gbdwbyuafezgszupikmwrdivflidna.jpg,0.17889625
iosikwfhnhmqdvuymkrdeatakkdryd.jpg,0.7364892
zhkdanqqseexvicplcyekiwjqqlhhz.jpg,0.031091481
bucfsqoezlveinjzzyyfiianjzrklf.jpg,0.9922002
meqeaivcxrtyjjlaaysnjeytrmpqmg.jpg,0.98551357
cgnarbagkiqkuvnbgidtpbpzlxxzzc.jpg,0.91510856
zndfvhigsuchffrepbzdwrlhgncmtd.jpg,0.92141896
cdugozukojbkpzksazbxqxnpxnoxts.jpg,0.9811601
czfaqpiyukmerduehjkdrhkhtqxbia.jpg,0.9003811
xzcvpmdsnwcmeooidiemxzofsvqrvo.png,0.9715824
imzjoogcbcvsgkbekgsxdfhxdlodgb.jpg,0.14343259
pwynnfibfpdkeeuzxjljusaieterpf.jpg,0.7526779
lbvuqszvcwajhzclogpiprfgxiswpr.jpg,0.96567047
ilyczntkhdwwqxgayvmewwrvonzokc.jpg,0.9130423
nnlxnagizcelrbzdeqpxyonlfardpk.jpg,0.5615349
sewpbsyvoslfvuefcbhbaamxdaknht (2).jpg,0.6522027
jvpejwtddpkhiqhcikzoaojczgdwfz.jpg,0.9623383
jiorwmlthejgwwbnshbuevjaunqbku.jpg,0.3975448
qlbqjvzglvxhtbjyjrfunwrurqrxox.jpg,0.9530846
epicmexrbnzcoykteovumnjlpeeejh.jpg,0.9176858
wqzkxqasodsnxcugavcqsuqmdwqfoa.png,0.97241557
ltuibmgnhtgsfugypuufvwrqprxtfk.jpg,0.9934162
unwndegdcmlinkjsprkshhnpomqvwd.jpg,0.19270512
plyaiuqsdfyiowewiorerysaomwoum.jpg,0.9048133
fvyderokisqwuoqwuaoadkkvtfoeya.jpg,0.14343679
sceudskpqcmpiutrvrjvwzrlyhusve.jpg,0.37373793
saqwjlvhyizasymcqwuumkayyalabr.jpg,0.07338694
scinyegbsxvszgingldfiggswajhji (1).jpg,0.0197061
ioedeamftahwmovcpgigwnypdhykwz.jpg,0.41386634
vzqbztrjuoyuzfygogzutjfvnppmpi.jpg,0.9821081
ornhixchukzqnrcisoodqytmeeqplp.jpg,0.122216016
